,Accuracy,Precision,Recall,F1,ROC,Test_Accuracy,Test_Precision,Test_Recall,Test_F1,Test_ROC,Training_time,Optimize_time,Total_time
Data_Class_decision_tree,0.8914285714285716,0.8514000256279667,0.8300000000000002,0.8361494101577206,0.8760714285714285,0.7739090064995358,0.29327902240325865,0.5070422535211268,0.3716129032258064,0.6607403780974618,0.18009376525878906,0.37686705589294434,0.5569608211517334
Feature_Envy_decision_tree,0.7683333333333334,0.6733980202374166,0.6264285714285716,0.6408815059071646,0.7328571428571429,0.8122850122850123,0.09644670050761421,0.59375,0.165938864628821,0.7065655124302385,0.18405437469482422,0.3129310607910156,0.49698543548583984
God_Class_decision_tree,0.962857142857143,0.9435142839186959,0.9500000000000002,0.9448023337330903,0.9596428571428572,0.9085768143261075,0.6423357664233577,0.3776824034334764,0.4756756756756757,0.6758713764123444,0.18741297721862793,0.39861512184143066,0.5860280990600586
Long_Method_decision_tree,0.9904761904761905,1.0,0.9714285714285715,0.9848649572649572,0.9857142857142857,0.8966346153846154,0.9696969696969697,0.13008130081300814,0.22939068100358426,0.5647680222712805,0.1765596866607666,0.37027764320373535,0.546837329864502
Data_Class_random_forest,0.9073809523809524,0.8608379014776075,0.8728571428571431,0.8626592071479258,0.89875,0.7715877437325905,0.2903225806451613,0.5070422535211268,0.3692307692307693,0.6594034797017398,5.776156902313232,5.56055474281311,11.336711645126343
Feature_Envy_random_forest,0.7995238095238096,0.681402700402986,0.7892857142857143,0.7249973401244972,0.7969642857142857,0.8673218673218673,0.1213235294117647,0.515625,0.19642857142857142,0.6971833777270421,4.738090991973877,4.98127818107605,9.719369173049927
God_Class_random_forest,0.9688095238095238,0.9406384759031821,0.9714285714285715,0.9544240483592543,0.9694642857142859,0.9033930254476908,0.6076923076923076,0.33905579399141633,0.43526170798898073,0.6560286910666452,5.002048969268799,4.160406589508057,9.162455558776855
Long_Method_random_forest,0.981904761904762,0.965576097105509,0.985,0.9739001401412414,0.9826785714285713,0.8971153846153846,1.0,0.13008130081300814,0.2302158273381295,0.5650406504065041,4.4380433559417725,4.538296222686768,8.97633957862854
